<?xml version="1.0" encoding="utf-8"?>
<extension type="module" version="3.0.0" client="site" method="upgrade">
	<name>PrayerCenter Submit Request</name>
	<author>Mike Leeper</author>
	<creationDate>April 2013</creationDate>
	<copyright>(C) 2006-2013 MLWebTechnologies. All rights reserved.</copyright>
	<license>http://www.gnu.org/copyleft/gpl.html GNU/GPL</license>
	<authorEmail>web@mlwebtechnologies.com</authorEmail>
	<authorUrl>http://www.mlwebtechnologies.com</authorUrl>
	<version>3.0.0</version>
	<description>MOD_PC_SUBMIT_REQUEST_XML_DESCRIPTION</description>
	<files>
		<filename module="mod_pc_submit_request">mod_pc_submit_request.php</filename>
		<filename>helper.php</filename>
		<filename>index.html</filename>
		<folder>tmpl</folder>
	</files>
	<languages>
		<language tag="en-GB">en-GB.mod_pc_submit_request.ini</language>
		<language tag="en-GB">en-GB.mod_pc_submit_request.sys.ini</language>	
	</languages>
	<config>
		<fields name="params">
			<fieldset name="basic">
				<field name="moduleclass_sfx" type="text" default="" label="MOD_PC_SUBMIT_REQUEST_FIELD_MODCLASS_LABEL" description="MOD_PC_SUBMIT_REQUEST_FIELD_MODCLASS_DESC"></field>
			</fieldset>
		</fields>
	</config>
</extension>