<?xml version="1.0" encoding="utf-8"?>
<extension type="component" version="3.0.0" method="upgrade" overwrite="true">
<name>COM_PRAYERCENTER</name>
<creationDate>October 2019</creationDate>
<author>Mike Leeper</author>
<copyright>This component in released under the GNU/GPL License</copyright>
<authorEmail>mlwebtechnologies@gmail.com</authorEmail>
<authorUrl>http://mlwebtechnologies.github.io/PrayerCenter/</authorUrl>
<version>3.0.6</version>
<description>COM_PRAYERCENTER_XML_DESCRIPTION</description>
<files folder="site">
	<filename>prayercenter.php</filename>
	<filename>controller.php</filename>
	<filename>router.php</filename>
	<filename>metadata.xml</filename>
	<filename>index.html</filename>
	<folder>assets</folder>
	<folder>controllers</folder>
	<folder>helpers</folder>
	<folder>models</folder>
 	<folder>tables</folder>
	<folder>views</folder>
</files>
<scriptfile>script.php</scriptfile>
<languages folder="j30">
	<language tag="en-GB">en-GB.com_prayercenter.ini</language>
</languages>
<media destination="plg_prayercenteremail" folder="media">
  <folder>css</folder>
  <folder>images</folder>
</media>
	<!-- Install Database Section -->
<install>
	<sql>
		<file driver="mysql" charset="utf8">sql/install.mysql.utf8.sql</file>
	</sql>
</install>
<!-- Uninstall Database Section -->
<uninstall>
	<sql>
		<file driver="mysql" charset="utf8">sql/uninstall.mysql.utf8.sql</file>
	</sql>
</uninstall>
<administration>
	<menu img="class:component">COM_PRAYERCENTER</menu>
    <submenu>
			<menu img="class:cpanel" alt="CPanel">COM_PRAYERCENTER_CPANEL</menu>
			<menu img="class:article" task="manage_req" alt="Manage Requests">COM_PRAYERCENTER_MANAGE_REQUESTS</menu>
			<menu img="class:user" task="manage_sub" alt="Manage Subscribers">COM_PRAYERCENTER_MANAGE_SUBSCRIBERS</menu>
			<menu img="class:category" task="manage_files" alt="Manage Files">COM_PRAYERCENTER_MANAGE_FILES</menu>
			<menu img="class:stats" task="manage_dev" alt="Manage Devotionals">COM_PRAYERCENTER_MANAGE_DEVOTIONALS</menu>
			<menu img="class:weblinks" task="manage_link" alt="Manage Links">COM_PRAYERCENTER_MANAGE_LINKS</menu>
    </submenu>
	<files folder="admin">
		<filename>access.xml</filename>
		<filename>prayercenter.php</filename>
		<filename>config.xml</filename>
		<filename>controller.php</filename>
		<filename>gpl.txt</filename>
		<filename>index.html</filename>
  	<folder>assets</folder>
  	<folder>controllers</folder>
  	<folder>elements</folder>
  	<folder>helpers</folder>
  	<folder>langsource</folder>
  	<folder>models</folder>
  	<folder>plugins</folder>
  	<folder>sql</folder>
  	<folder>tables</folder>
  	<folder>views</folder>
	</files>
		<languages folder="j30admin">
			<language tag="en-GB">en-GB.com_prayercenter.ini
			</language>
			<language tag="en-GB">en-GB.com_prayercenter.sys.ini
			</language>
		</languages>
</administration>
<updateservers>
  <server type="extension" priority="1" name="PrayerCenter Update Site">https://github.com/MLWebTechnologies/PrayerCenter/raw/master/Update/prayercenter-update.xml</server>
</updateservers>
</extension>